,user_symptom,root_cause
BS-Precision,0.8081082701683044,0.8299210667610168
BS-Recall,0.9675063490867615,0.9165009260177612
BS-F1,0.873391330242157,0.8652765154838562
