,user_symptom,root_cause
BS-Precision,0.8788447380065918,0.7989113330841064
BS-Recall,0.8809753656387329,0.813717782497406
BS-F1,0.8718201518058777,0.797206699848175
