,user_symptom,root_cause
BS-Precision,0.9043829441070557,0.8492974638938904
BS-Recall,0.9717212915420532,0.8826086521148682
BS-F1,0.9323589205741882,0.8627178072929382
