,user_symptom,root_cause
BS-Precision,0.7001992464065552,0.7168148756027222
BS-Recall,0.9519125819206238,0.9131640195846558
BS-F1,0.8018417358398438,0.7962842583656311
