,user_symptom,root_cause
BS-Precision,0.8767480254173279,0.8074851036071777
BS-Recall,0.7046253681182861,0.7087113261222839
BS-F1,0.7750325202941895,0.7498668432235718
