,user_symptom,root_cause
BS-Precision,0.7349618077278137,0.7528010606765747
BS-Recall,0.9578402042388916,0.8851891160011292
BS-F1,0.8269906044006348,0.8076088428497314
