,user_symptom,root_cause
BS-Precision,0.8843663334846497,0.8054660558700562
BS-Recall,0.9409303665161133,0.8713443279266357
BS-F1,0.9061790108680725,0.8310509324073792
