,user_symptom,root_cause
BS-Precision,0.8365389108657837,0.7618975043296814
BS-Recall,0.6134516000747681,0.595855712890625
BS-F1,0.7019835114479065,0.663958728313446
