,user_symptom,root_cause
BS-Precision,0.9118212461471558,0.8221352100372314
BS-Recall,0.967110812664032,0.8616964221000671
BS-F1,0.9347471594810486,0.8378522396087646
