,user_symptom,root_cause
BS-Precision,0.9107703566551208,0.8364630341529846
BS-Recall,0.9172875881195068,0.8479579091072083
BS-F1,0.9088621735572815,0.8370904326438904
