,user_symptom,root_cause
BS-Precision,0.9338414072990417,0.8133546710014343
BS-Recall,0.9635262489318848,0.8827177286148071
BS-F1,0.9451203346252441,0.8401702642440796
