,user_symptom,root_cause
BS-Precision,0.8921462297439575,0.8222959637641907
BS-Recall,0.9187554717063904,0.8402664065361023
BS-F1,0.8997113704681396,0.8258375525474548
